id,full_id,created,country,hashtags,hypes,img_src
9206526,9206526-Karinadresses-Ruby-Dress-In-Charmed-Autumn-Fashion-Charmed,2019-10-06 18:56:12.525082,United States,,35,//s3cdn-lookbooknu.netdna-ssl.com/files/looks/medium/2019/10/06/5444570_Style_970_g.jpg?1570379120
9206494,9206494-Off-White-Belt-Stussy-Hat-Mom-Jeans,2019-10-06 15:56:12.536316,United States,"#thriftfashion,#sockboots,#corset,#buckethat,#offwhite",62,//s3cdn-lookbooknu.netdna-ssl.com/files/looks/medium/2019/10/06/5444555_PhotoGrid_1570371771480.jpg?1570371969
9206482,9206482-Barbie-Gir,2019-10-06 15:56:12.544532,United States,"#plaid,#twopiece,#combat",85,//s3cdn-lookbooknu.netdna-ssl.com/files/looks/medium/2019/10/06/5444549_image.jpg?1570368572
9206412,9206412-,2019-10-06 05:56:12.553140,United States,"#queer,#lgbtq",99,//s3cdn-lookbooknu.netdna-ssl.com/files/looks/medium/2019/10/06/5444512_l0l0.jpg?1570334970
9206364,9206364-October-5th,2019-10-05 21:56:12.560556,United States,,162,//s3cdn-lookbooknu.netdna-ssl.com/files/looks/medium/2019/10/05/5444487_image.jpg?1570302579
9206294,9206294-Ch,2019-10-05 21:56:12.571659,United States,"#asian,#korean,#animalprint,#mustard,#matchmade",247,//s3cdn-lookbooknu.netdna-ssl.com/files/looks/medium/2019/10/05/5444451_look.jpg?1570284136
9206122,9206122-Sunlit-Dream,2019-10-05 21:56:12.581026,United States,"#stylist,#blogger,#texas,#thelinebyk,#thrift",278,//s3cdn-lookbooknu.netdna-ssl.com/files/looks/medium/2019/10/05/5444365_Untitled_design_(2).jpg?1570254148
9206108,9206108-Zara-Sheer-Top-Denim-Shorts-Sheer-Florals-Th,2019-10-04 21:56:12.592877,United States,"#sheertop,#puffysleeves,#puffsleeves,#zara,#floral",238,//s3cdn-lookbooknu.netdna-ssl.com/files/looks/medium/2019/10/04/5444357_Screen_Shot_2019-09-26_at_4.46.00_PM.jpg?1570230841
9206056,9206056-Urban-Outfitters-Hat-H&M-Shirt-Madewell-Jeans,2019-10-04 21:56:12.600996,United States,#street,368,//s3cdn-lookbooknu.netdna-ssl.com/files/looks/medium/2019/10/04/5444329_untz__kaytedemont_2019-7037.jpg?1570209474
9206054,9206054-Ader-Error-Tee-Kenzo-Fanny-Pack-Cline-Celine,2019-10-04 21:56:12.609447,United States,,239,//s3cdn-lookbooknu.netdna-ssl.com/files/looks/medium/2019/10/04/5444328_image.jpg?1570207648
9206048,9206048-Ragarebe,2019-10-04 21:56:12.619758,United States,,192,//s3cdn-lookbooknu.netdna-ssl.com/files/looks/medium/2019/10/04/5444325_20191004_114952.jpg?1570204230
9206032,9206032-Pendant-Plaid-Nora-Dress-Bewitched,2019-10-04 21:56:12.629154,United States,,265,//s3cdn-lookbooknu.netdna-ssl.com/files/looks/medium/2019/10/04/5444317_Style_966_i.jpg?1570201372
id,full_id,created,country,hashtags,hypes,img_src
9206526,9206526-Karinadresses-Ruby-Dress-In-Charmed-Autumn-Fashion-Charmed,2019-10-06 18:13:10.768435,United States,,40,//s3cdn-lookbooknu.netdna-ssl.com/files/looks/medium/2019/10/06/5444570_Style_970_g.jpg?1570379120
9206494,9206494-Off-White-Belt-Stussy-Hat-Mom-Jeans,2019-10-06 16:13:10.776586,United States,"#thriftfashion,#sockboots,#corset,#buckethat,#offwhite",64,//s3cdn-lookbooknu.netdna-ssl.com/files/looks/medium/2019/10/06/5444555_PhotoGrid_1570371771480.jpg?1570371969
9206482,9206482-Barbie-Gir,2019-10-06 15:13:10.784962,United States,"#plaid,#twopiece,#combat",90,//s3cdn-lookbooknu.netdna-ssl.com/files/looks/medium/2019/10/06/5444549_image.jpg?1570368572
9206412,9206412-,2019-10-06 06:13:10.796287,United States,"#queer,#lgbtq",99,//s3cdn-lookbooknu.netdna-ssl.com/files/looks/medium/2019/10/06/5444512_l0l0.jpg?1570334970
9206364,9206364-October-5th,2019-10-05 22:13:10.804211,United States,,162,//s3cdn-lookbooknu.netdna-ssl.com/files/looks/medium/2019/10/05/5444487_image.jpg?1570302579
9206294,9206294-Ch,2019-10-05 22:13:10.815551,United States,"#asian,#korean,#animalprint,#mustard,#matchmade",249,//s3cdn-lookbooknu.netdna-ssl.com/files/looks/medium/2019/10/05/5444451_look.jpg?1570284136
9206122,9206122-Sunlit-Dream,2019-10-05 22:13:10.823513,United States,"#stylist,#blogger,#texas,#thelinebyk,#thrift",285,//s3cdn-lookbooknu.netdna-ssl.com/files/looks/medium/2019/10/05/5444365_Untitled_design_(2).jpg?1570254148
9206108,9206108-Zara-Sheer-Top-Denim-Shorts-Sheer-Florals-Th,2019-10-04 22:13:10.831547,United States,"#sheertop,#puffysleeves,#puffsleeves,#zara,#floral",243,//s3cdn-lookbooknu.netdna-ssl.com/files/looks/medium/2019/10/04/5444357_Screen_Shot_2019-09-26_at_4.46.00_PM.jpg?1570230841
9206056,9206056-Urban-Outfitters-Hat-H&M-Shirt-Madewell-Jeans,2019-10-04 22:13:10.842812,United States,#street,373,//s3cdn-lookbooknu.netdna-ssl.com/files/looks/medium/2019/10/04/5444329_untz__kaytedemont_2019-7037.jpg?1570209474
9206054,9206054-Ader-Error-Tee-Kenzo-Fanny-Pack-Cline-Celine,2019-10-04 22:13:10.850312,United States,,239,//s3cdn-lookbooknu.netdna-ssl.com/files/looks/medium/2019/10/04/5444328_image.jpg?1570207648
9206048,9206048-Ragarebe,2019-10-04 22:13:10.860268,United States,,197,//s3cdn-lookbooknu.netdna-ssl.com/files/looks/medium/2019/10/04/5444325_20191004_114952.jpg?1570204230
9206032,9206032-Pendant-Plaid-Nora-Dress-Bewitched,2019-10-04 22:13:10.870647,United States,,265,//s3cdn-lookbooknu.netdna-ssl.com/files/looks/medium/2019/10/04/5444317_Style_966_i.jpg?1570201372
id,full_id,created,country,hashtags,hypes,img_src
9206526,9206526-Karinadresses-Ruby-Dress-In-Charmed-Autumn-Fashion-Charmed,2019-10-06 18:31:50.916561,United States,,47,//s3cdn-lookbooknu.netdna-ssl.com/files/looks/medium/2019/10/06/5444570_Style_970_g.jpg?1570379120
9206494,9206494-Off-White-Belt-Stussy-Hat-Mom-Jeans,2019-10-06 16:31:50.926017,United States,"#thriftfashion,#sockboots,#corset,#buckethat,#offwhite",65,//s3cdn-lookbooknu.netdna-ssl.com/files/looks/medium/2019/10/06/5444555_PhotoGrid_1570371771480.jpg?1570371969
9206482,9206482-Barbie-Gir,2019-10-06 15:31:50.938761,United States,"#plaid,#twopiece,#combat",97,//s3cdn-lookbooknu.netdna-ssl.com/files/looks/medium/2019/10/06/5444549_image.jpg?1570368572
9206412,9206412-,2019-10-06 06:31:50.947238,United States,"#queer,#lgbtq",99,//s3cdn-lookbooknu.netdna-ssl.com/files/looks/medium/2019/10/06/5444512_l0l0.jpg?1570334970
9206364,9206364-October-5th,2019-10-05 22:31:50.959216,United States,,162,//s3cdn-lookbooknu.netdna-ssl.com/files/looks/medium/2019/10/05/5444487_image.jpg?1570302579
9206294,9206294-Ch,2019-10-05 22:31:50.974148,United States,"#asian,#korean,#animalprint,#mustard,#matchmade",255,//s3cdn-lookbooknu.netdna-ssl.com/files/looks/medium/2019/10/05/5444451_look.jpg?1570284136
9206122,9206122-Sunlit-Dream,2019-10-05 22:31:50.984810,United States,"#stylist,#blogger,#texas,#thelinebyk,#thrift",291,//s3cdn-lookbooknu.netdna-ssl.com/files/looks/medium/2019/10/05/5444365_Untitled_design_(2).jpg?1570254148
9206108,9206108-Zara-Sheer-Top-Denim-Shorts-Sheer-Florals-Th,2019-10-04 22:31:50.993888,United States,"#sheertop,#puffysleeves,#puffsleeves,#zara,#floral",249,//s3cdn-lookbooknu.netdna-ssl.com/files/looks/medium/2019/10/04/5444357_Screen_Shot_2019-09-26_at_4.46.00_PM.jpg?1570230841
9206056,9206056-Urban-Outfitters-Hat-H&M-Shirt-Madewell-Jeans,2019-10-04 22:31:51.006495,United States,#street,379,//s3cdn-lookbooknu.netdna-ssl.com/files/looks/medium/2019/10/04/5444329_untz__kaytedemont_2019-7037.jpg?1570209474
9206054,9206054-Ader-Error-Tee-Kenzo-Fanny-Pack-Cline-Celine,2019-10-04 22:31:51.015683,United States,,239,//s3cdn-lookbooknu.netdna-ssl.com/files/looks/medium/2019/10/04/5444328_image.jpg?1570207648
9206048,9206048-Ragarebe,2019-10-04 22:31:51.028516,United States,,197,//s3cdn-lookbooknu.netdna-ssl.com/files/looks/medium/2019/10/04/5444325_20191004_114952.jpg?1570204230
9206032,9206032-Pendant-Plaid-Nora-Dress-Bewitched,2019-10-04 22:31:51.042736,United States,,265,//s3cdn-lookbooknu.netdna-ssl.com/files/looks/medium/2019/10/04/5444317_Style_966_i.jpg?1570201372
id,full_id,created,country,hashtags,hypes,img_src
9206526,9206526-Karinadresses-Ruby-Dress-In-Charmed-Autumn-Fashion-Charmed,2019-10-06 18:35:05.481512,United States,,48,//s3cdn-lookbooknu.netdna-ssl.com/files/looks/medium/2019/10/06/5444570_Style_970_g.jpg?1570379120
9206494,9206494-Off-White-Belt-Stussy-Hat-Mom-Jeans,2019-10-06 16:35:05.491912,United States,"#thriftfashion,#sockboots,#corset,#buckethat,#offwhite",65,//s3cdn-lookbooknu.netdna-ssl.com/files/looks/medium/2019/10/06/5444555_PhotoGrid_1570371771480.jpg?1570371969
9206482,9206482-Barbie-Gir,2019-10-06 15:35:05.502972,United States,"#plaid,#twopiece,#combat",98,//s3cdn-lookbooknu.netdna-ssl.com/files/looks/medium/2019/10/06/5444549_image.jpg?1570368572
9206412,9206412-,2019-10-06 06:35:05.514516,United States,"#queer,#lgbtq",99,//s3cdn-lookbooknu.netdna-ssl.com/files/looks/medium/2019/10/06/5444512_l0l0.jpg?1570334970
9206364,9206364-October-5th,2019-10-05 22:35:05.523858,United States,,162,//s3cdn-lookbooknu.netdna-ssl.com/files/looks/medium/2019/10/05/5444487_image.jpg?1570302579
9206294,9206294-Ch,2019-10-05 22:35:05.535050,United States,"#asian,#korean,#animalprint,#mustard,#matchmade",256,//s3cdn-lookbooknu.netdna-ssl.com/files/looks/medium/2019/10/05/5444451_look.jpg?1570284136
9206122,9206122-Sunlit-Dream,2019-10-05 22:35:05.545287,United States,"#stylist,#blogger,#texas,#thelinebyk,#thrift",292,//s3cdn-lookbooknu.netdna-ssl.com/files/looks/medium/2019/10/05/5444365_Untitled_design_(2).jpg?1570254148
9206108,9206108-Zara-Sheer-Top-Denim-Shorts-Sheer-Florals-Th,2019-10-04 22:35:05.552584,United States,"#sheertop,#puffysleeves,#puffsleeves,#zara,#floral",250,//s3cdn-lookbooknu.netdna-ssl.com/files/looks/medium/2019/10/04/5444357_Screen_Shot_2019-09-26_at_4.46.00_PM.jpg?1570230841
9206056,9206056-Urban-Outfitters-Hat-H&M-Shirt-Madewell-Jeans,2019-10-04 22:35:05.563975,United States,#street,380,//s3cdn-lookbooknu.netdna-ssl.com/files/looks/medium/2019/10/04/5444329_untz__kaytedemont_2019-7037.jpg?1570209474
9206054,9206054-Ader-Error-Tee-Kenzo-Fanny-Pack-Cline-Celine,2019-10-04 22:35:05.574398,United States,,239,//s3cdn-lookbooknu.netdna-ssl.com/files/looks/medium/2019/10/04/5444328_image.jpg?1570207648
9206048,9206048-Ragarebe,2019-10-04 22:35:05.583775,United States,,198,//s3cdn-lookbooknu.netdna-ssl.com/files/looks/medium/2019/10/04/5444325_20191004_114952.jpg?1570204230
9206032,9206032-Pendant-Plaid-Nora-Dress-Bewitched,2019-10-04 22:35:05.594902,United States,,265,//s3cdn-lookbooknu.netdna-ssl.com/files/looks/medium/2019/10/04/5444317_Style_966_i.jpg?1570201372
9205898,9205898-Anthropologie-Shirt-Lace-Skirt-Doc-Martens-Classic,2019-10-03 22:35:06.509544,United States,"#queer,#lgbtq",252,//s3cdn-lookbooknu.netdna-ssl.com/files/looks/medium/2019/10/04/5444251_Untitled_collage_(4).jpg?1570155760
9205860,9205860-Apple-Picking,2019-10-03 22:35:06.519251,United States,,192,//s3cdn-lookbooknu.netdna-ssl.com/files/looks/medium/2019/10/03/5444232_image.jpg?1570139333
9205808,9205808-Juda-Leah-Atelier-Custom-Pin-Vintage-Mustard,2019-10-03 22:35:06.526561,United States,"#queer,#lgbtq",254,//s3cdn-lookbooknu.netdna-ssl.com/files/looks/medium/2019/10/03/5444198_Untitled_collage_(3).jpg?1570122521
9205788,9205788-Bella-And-Bloom-Printed-Crop-Top-High-Waisted,2019-10-03 22:35:06.535545,United States,"#asian,#korean,#croptop,#utilityjacket,#asianstyle",410,//s3cdn-lookbooknu.netdna-ssl.com/files/looks/medium/2019/10/03/5444188_look.jpg?1570112930
9205782,9205782-Raided-Moms-Closet-Plaid-Overcoat-Buffalo-Exchange,2019-10-03 22:35:06.543271,United States,"#plaid,#overcoat,#outerwear,#jacket,#plaidshirt",230,//s3cdn-lookbooknu.netdna-ssl.com/files/looks/medium/2019/10/03/5444184_How_to_Style_Plaid_on_Plaid.jpg?1570110359
9205662,9205662-Onlyfriend-Custom-Graphic-Shirt-Jeans-Doc-Martens,2019-10-02 22:35:06.550399,United States,"#queer,#lgbtq",138,//s3cdn-lookbooknu.netdna-ssl.com/files/looks/medium/2019/10/03/5444124_Untitled_collage_(2).jpg?1570075972
9205654,9205654-Leopard-Stripes,2019-10-02 22:35:06.558816,United States,"#fallstyle,#leopard,#stripes",161,//s3cdn-lookbooknu.netdna-ssl.com/files/looks/medium/2019/10/03/5444120_IMG_4888.jpg?1570073422
9205632,9205632-I-M-Who-They-Tryna-Be,2019-10-02 22:35:06.581574,United States,,102,//s3cdn-lookbooknu.netdna-ssl.com/files/looks/medium/2019/10/02/5444109_image.jpg?1570054908
9205630,9205630-Red-Bottoms,2019-10-02 22:35:06.590421,United States,,92,//s3cdn-lookbooknu.netdna-ssl.com/files/looks/medium/2019/10/02/5444108_image.jpg?1570054880
9205628,9205628-Hype,2019-10-02 22:35:06.598738,United States,,139,//s3cdn-lookbooknu.netdna-ssl.com/files/looks/medium/2019/10/02/5444107_image.jpg?1570054857
9205626,9205626-Choose-Your-Player,2019-10-02 22:35:06.606975,United States,,78,//s3cdn-lookbooknu.netdna-ssl.com/files/looks/medium/2019/10/02/5444106_image.jpg?1570054837
9205624,9205624-Put-Me-On-Your-Wishlist,2019-10-02 22:35:06.614296,United States,,91,//s3cdn-lookbooknu.netdna-ssl.com/files/looks/medium/2019/10/02/5444105_image.jpg?1570054734
id,full_id,created,country,hashtags,hypes,img_src
9206526,9206526-Karinadresses-Ruby-Dress-In-Charmed-Autumn-Fashion-Charmed,2019-10-06 18:36:00.910164,United States,,49,//s3cdn-lookbooknu.netdna-ssl.com/files/looks/medium/2019/10/06/5444570_Style_970_g.jpg?1570379120
9206494,9206494-Off-White-Belt-Stussy-Hat-Mom-Jeans,2019-10-06 16:36:00.918691,United States,"#thriftfashion,#sockboots,#corset,#buckethat,#offwhite",65,//s3cdn-lookbooknu.netdna-ssl.com/files/looks/medium/2019/10/06/5444555_PhotoGrid_1570371771480.jpg?1570371969
9206482,9206482-Barbie-Gir,2019-10-06 15:36:00.928693,United States,"#plaid,#twopiece,#combat",99,//s3cdn-lookbooknu.netdna-ssl.com/files/looks/medium/2019/10/06/5444549_image.jpg?1570368572
9206412,9206412-,2019-10-06 06:36:00.936129,United States,"#queer,#lgbtq",99,//s3cdn-lookbooknu.netdna-ssl.com/files/looks/medium/2019/10/06/5444512_l0l0.jpg?1570334970
9206364,9206364-October-5th,2019-10-05 22:36:00.946101,United States,,162,//s3cdn-lookbooknu.netdna-ssl.com/files/looks/medium/2019/10/05/5444487_image.jpg?1570302579
9206294,9206294-Ch,2019-10-05 22:36:00.953799,United States,"#asian,#korean,#animalprint,#mustard,#matchmade",257,//s3cdn-lookbooknu.netdna-ssl.com/files/looks/medium/2019/10/05/5444451_look.jpg?1570284136
9206122,9206122-Sunlit-Dream,2019-10-05 22:36:00.964066,United States,"#stylist,#blogger,#texas,#thelinebyk,#thrift",293,//s3cdn-lookbooknu.netdna-ssl.com/files/looks/medium/2019/10/05/5444365_Untitled_design_(2).jpg?1570254148
9206108,9206108-Zara-Sheer-Top-Denim-Shorts-Sheer-Florals-Th,2019-10-04 22:36:00.972378,United States,"#sheertop,#puffysleeves,#puffsleeves,#zara,#floral",251,//s3cdn-lookbooknu.netdna-ssl.com/files/looks/medium/2019/10/04/5444357_Screen_Shot_2019-09-26_at_4.46.00_PM.jpg?1570230841
9206056,9206056-Urban-Outfitters-Hat-H&M-Shirt-Madewell-Jeans,2019-10-04 22:36:00.981994,United States,#street,381,//s3cdn-lookbooknu.netdna-ssl.com/files/looks/medium/2019/10/04/5444329_untz__kaytedemont_2019-7037.jpg?1570209474
9206054,9206054-Ader-Error-Tee-Kenzo-Fanny-Pack-Cline-Celine,2019-10-04 22:36:00.990645,United States,,239,//s3cdn-lookbooknu.netdna-ssl.com/files/looks/medium/2019/10/04/5444328_image.jpg?1570207648
9206048,9206048-Ragarebe,2019-10-04 22:36:00.999065,United States,,198,//s3cdn-lookbooknu.netdna-ssl.com/files/looks/medium/2019/10/04/5444325_20191004_114952.jpg?1570204230
9206032,9206032-Pendant-Plaid-Nora-Dress-Bewitched,2019-10-04 22:36:01.006501,United States,,265,//s3cdn-lookbooknu.netdna-ssl.com/files/looks/medium/2019/10/04/5444317_Style_966_i.jpg?1570201372
9206526,9206526-Karinadresses-Ruby-Dress-In-Charmed-Autumn-Fashion-Charmed,2019-10-06 18:36:02.114680,United States,,49,//s3cdn-lookbooknu.netdna-ssl.com/files/looks/medium/2019/10/06/5444570_Style_970_g.jpg?1570379120
9206494,9206494-Off-White-Belt-Stussy-Hat-Mom-Jeans,2019-10-06 16:36:02.122990,United States,"#thriftfashion,#sockboots,#corset,#buckethat,#offwhite",65,//s3cdn-lookbooknu.netdna-ssl.com/files/looks/medium/2019/10/06/5444555_PhotoGrid_1570371771480.jpg?1570371969
9206482,9206482-Barbie-Gir,2019-10-06 15:36:02.133761,United States,"#plaid,#twopiece,#combat",99,//s3cdn-lookbooknu.netdna-ssl.com/files/looks/medium/2019/10/06/5444549_image.jpg?1570368572
9206412,9206412-,2019-10-06 06:36:02.141332,United States,"#queer,#lgbtq",99,//s3cdn-lookbooknu.netdna-ssl.com/files/looks/medium/2019/10/06/5444512_l0l0.jpg?1570334970
9206364,9206364-October-5th,2019-10-05 22:36:02.153287,United States,,162,//s3cdn-lookbooknu.netdna-ssl.com/files/looks/medium/2019/10/05/5444487_image.jpg?1570302579
9206294,9206294-Ch,2019-10-05 22:36:02.163122,United States,"#asian,#korean,#animalprint,#mustard,#matchmade",257,//s3cdn-lookbooknu.netdna-ssl.com/files/looks/medium/2019/10/05/5444451_look.jpg?1570284136
9206122,9206122-Sunlit-Dream,2019-10-05 22:36:02.172026,United States,"#stylist,#blogger,#texas,#thelinebyk,#thrift",293,//s3cdn-lookbooknu.netdna-ssl.com/files/looks/medium/2019/10/05/5444365_Untitled_design_(2).jpg?1570254148
9206108,9206108-Zara-Sheer-Top-Denim-Shorts-Sheer-Florals-Th,2019-10-04 22:36:02.183122,United States,"#sheertop,#puffysleeves,#puffsleeves,#zara,#floral",251,//s3cdn-lookbooknu.netdna-ssl.com/files/looks/medium/2019/10/04/5444357_Screen_Shot_2019-09-26_at_4.46.00_PM.jpg?1570230841
9206056,9206056-Urban-Outfitters-Hat-H&M-Shirt-Madewell-Jeans,2019-10-04 22:36:02.199557,United States,#street,381,//s3cdn-lookbooknu.netdna-ssl.com/files/looks/medium/2019/10/04/5444329_untz__kaytedemont_2019-7037.jpg?1570209474
9206054,9206054-Ader-Error-Tee-Kenzo-Fanny-Pack-Cline-Celine,2019-10-04 22:36:02.206116,United States,,239,//s3cdn-lookbooknu.netdna-ssl.com/files/looks/medium/2019/10/04/5444328_image.jpg?1570207648
9206048,9206048-Ragarebe,2019-10-04 22:36:02.218578,United States,,198,//s3cdn-lookbooknu.netdna-ssl.com/files/looks/medium/2019/10/04/5444325_20191004_114952.jpg?1570204230
9206032,9206032-Pendant-Plaid-Nora-Dress-Bewitched,2019-10-04 22:36:02.229845,United States,,265,//s3cdn-lookbooknu.netdna-ssl.com/files/looks/medium/2019/10/04/5444317_Style_966_i.jpg?1570201372
9205898,9205898-Anthropologie-Shirt-Lace-Skirt-Doc-Martens-Classic,2019-10-03 22:36:03.340935,United States,"#queer,#lgbtq",252,//s3cdn-lookbooknu.netdna-ssl.com/files/looks/medium/2019/10/04/5444251_Untitled_collage_(4).jpg?1570155760
9205860,9205860-Apple-Picking,2019-10-03 22:36:03.351482,United States,,192,//s3cdn-lookbooknu.netdna-ssl.com/files/looks/medium/2019/10/03/5444232_image.jpg?1570139333
9205808,9205808-Juda-Leah-Atelier-Custom-Pin-Vintage-Mustard,2019-10-03 22:36:03.363175,United States,"#queer,#lgbtq",254,//s3cdn-lookbooknu.netdna-ssl.com/files/looks/medium/2019/10/03/5444198_Untitled_collage_(3).jpg?1570122521
9205788,9205788-Bella-And-Bloom-Printed-Crop-Top-High-Waisted,2019-10-03 22:36:03.374662,United States,"#asian,#korean,#croptop,#utilityjacket,#asianstyle",410,//s3cdn-lookbooknu.netdna-ssl.com/files/looks/medium/2019/10/03/5444188_look.jpg?1570112930
9205782,9205782-Raided-Moms-Closet-Plaid-Overcoat-Buffalo-Exchange,2019-10-03 22:36:03.386507,United States,"#plaid,#overcoat,#outerwear,#jacket,#plaidshirt",230,//s3cdn-lookbooknu.netdna-ssl.com/files/looks/medium/2019/10/03/5444184_How_to_Style_Plaid_on_Plaid.jpg?1570110359
9205662,9205662-Onlyfriend-Custom-Graphic-Shirt-Jeans-Doc-Martens,2019-10-02 22:36:03.397124,United States,"#queer,#lgbtq",138,//s3cdn-lookbooknu.netdna-ssl.com/files/looks/medium/2019/10/03/5444124_Untitled_collage_(2).jpg?1570075972
9205654,9205654-Leopard-Stripes,2019-10-02 22:36:03.405718,United States,"#fallstyle,#leopard,#stripes",161,//s3cdn-lookbooknu.netdna-ssl.com/files/looks/medium/2019/10/03/5444120_IMG_4888.jpg?1570073422
9205632,9205632-I-M-Who-They-Tryna-Be,2019-10-02 22:36:03.418910,United States,,102,//s3cdn-lookbooknu.netdna-ssl.com/files/looks/medium/2019/10/02/5444109_image.jpg?1570054908
9205630,9205630-Red-Bottoms,2019-10-02 22:36:03.427966,United States,,92,//s3cdn-lookbooknu.netdna-ssl.com/files/looks/medium/2019/10/02/5444108_image.jpg?1570054880
9205628,9205628-Hype,2019-10-02 22:36:03.438678,United States,,139,//s3cdn-lookbooknu.netdna-ssl.com/files/looks/medium/2019/10/02/5444107_image.jpg?1570054857
9205626,9205626-Choose-Your-Player,2019-10-02 22:36:03.447855,United States,,78,//s3cdn-lookbooknu.netdna-ssl.com/files/looks/medium/2019/10/02/5444106_image.jpg?1570054837
9205624,9205624-Put-Me-On-Your-Wishlist,2019-10-02 22:36:03.455931,United States,,91,//s3cdn-lookbooknu.netdna-ssl.com/files/looks/medium/2019/10/02/5444105_image.jpg?1570054734
9205622,9205622-Balmain,2019-10-02 22:36:04.568530,United States,,102,//s3cdn-lookbooknu.netdna-ssl.com/files/looks/medium/2019/10/02/5444104_image.jpg?1570054702
9205620,9205620-Summer,2019-10-02 22:36:04.575277,United States,,82,//s3cdn-lookbooknu.netdna-ssl.com/files/looks/medium/2019/10/02/5444103_image.jpg?1570054672
9205616,9205616-The-Devil-Wears-Prada,2019-10-02 22:36:04.585218,United States,,67,//s3cdn-lookbooknu.netdna-ssl.com/files/looks/medium/2019/10/02/5444102_image.jpg?1570054609
9205614,9205614-Blonde,2019-10-02 22:36:04.594126,United States,,108,//s3cdn-lookbooknu.netdna-ssl.com/files/looks/medium/2019/10/02/5444100_image.jpg?1570054513
9205612,9205612-Bloody-Shoes,2019-10-02 22:36:04.603392,United States,,106,//s3cdn-lookbooknu.netdna-ssl.com/files/looks/medium/2019/10/02/5444099_image.jpg?1570054467
9205608,9205608-Dar,2019-10-02 22:36:04.611565,United States,,145,//s3cdn-lookbooknu.netdna-ssl.com/files/looks/medium/2019/10/02/5444098_image.jpg?1570054417
9205606,9205606-Shopping-With-Bitmoji,2019-10-02 22:36:04.618844,United States,,69,//s3cdn-lookbooknu.netdna-ssl.com/files/looks/medium/2019/10/02/5444097_image.jpg?1570054384
9205578,9205578-Vintage-Beaded-Clutch-Bebe-High-Slit-Penci,2019-10-02 22:36:04.627373,United States,,118,//s3cdn-lookbooknu.netdna-ssl.com/files/looks/medium/2019/10/02/5444082_DSC_0312.jpg?1570045219
9205552,9205552-Collectif-Vintage-Dolores-Forest-Friends-D,2019-10-02 22:36:04.635302,United States,,284,//s3cdn-lookbooknu.netdna-ssl.com/files/looks/medium/2019/10/02/5444069_Style_920_ea.jpg?1570035491
9205406,9205406-Ellen-James-Ella-Cane-Round-Bag-Zara-Wide-Leg,2019-10-01 22:36:04.649265,United States,"#heels,#black,#ivory,#tan,#basket",487,//s3cdn-lookbooknu.netdna-ssl.com/files/looks/medium/2019/10/02/5443992_baby11-5.jpg?1569994033
9205402,9205402-Zara-Pant-Crop-Top-Vans-Old-School-Platform,2019-10-01 22:36:04.657540,United States,"#shoes,#vans,#platforms,#silk,#white",377,//s3cdn-lookbooknu.netdna-ssl.com/files/looks/medium/2019/10/02/5443988_baby11-3.jpg?1569990998
9205398,9205398-Spiritus,2019-10-01 22:36:04.666878,United States,"#romanvs,#classical",214,//s3cdn-lookbooknu.netdna-ssl.com/files/looks/medium/2019/10/02/5443989__DSC0938.jpg?1569991757
9205388,9205388-Baby-Luv,2019-10-01 22:36:05.816170,United States,"#thelinebyk,#stylist,#summer,#elpaso",525,//s3cdn-lookbooknu.netdna-ssl.com/files/looks/medium/2019/10/02/5443982_Untitled_design_(1).jpg?1569984550
9205336,9205336-Cowgir,2019-10-01 22:36:05.827832,United States,,609,//s3cdn-lookbooknu.netdna-ssl.com/files/looks/medium/2019/10/01/5443954_tony_bianco_5.jpg?1569956447
9205334,9205334-Impact,2019-10-01 22:36:05.848133,United States,,221,//s3cdn-lookbooknu.netdna-ssl.com/files/looks/medium/2019/10/01/5443950_dsc05305.jpg?1569955202
9205330,9205330-White-Sheath-Dress,2019-10-01 22:36:05.860230,United States,,152,//s3cdn-lookbooknu.netdna-ssl.com/files/looks/medium/2019/10/01/5443951_DSC_0281.jpg?1569955713
9205304,9205304-April-Cornell-Velvet-Dress-Cornel-Beret-,2019-10-01 22:36:05.871444,United States,"#queer,#lgbtq",197,//s3cdn-lookbooknu.netdna-ssl.com/files/looks/medium/2019/10/01/5443936_blue.jpg?1569945998
9205276,9205276-Autumn-Fashion,2019-10-01 22:36:05.880230,United States,,186,//s3cdn-lookbooknu.netdna-ssl.com/files/looks/medium/2019/10/01/5443922_Style_770c.jpg?1569937936
9205274,9205274-Levis-Denim-Skirt-Ego-Official-Perspex-Mules,2019-10-01 22:36:05.888372,United States,"#denim,#perspex,#fallstyle",351,//s3cdn-lookbooknu.netdna-ssl.com/files/looks/medium/2019/10/01/5443921_09242019-dayinmydreams-ego-shoes-review-how-to-wear-perspex-shoes-lb-1.jpg?1569937717
9205270,9205270-Asos-Floral-Crop-Bella-And-Bloom-Boutique-Striped,2019-10-01 22:36:05.899340,United States,"#asian,#korean,#stripes,#maxiskirt,#croptop",369,//s3cdn-lookbooknu.netdna-ssl.com/files/looks/medium/2019/10/01/5443919_look.jpg?1569934328
9205210,9205210-Pearl-Stud-Earrings-Yumi-Kim-Blue-Silk-Wrap,2019-09-30 22:36:05.909776,United States,,180,//s3cdn-lookbooknu.netdna-ssl.com/files/looks/medium/2019/10/01/5443888_DSC_0156.jpg?1569904566
9205132,9205132-What,2019-09-30 22:36:05.920863,United States,,288,//s3cdn-lookbooknu.netdna-ssl.com/files/looks/medium/2019/09/30/5443849_IMG_2925.jpg?1569873286
9205086,9205086-,2019-09-30 22:36:05.932680,United States,"#queer,#lgbtq",298,//s3cdn-lookbooknu.netdna-ssl.com/files/looks/medium/2019/09/30/5443825_Untitled_collagemm.jpg?1569858928
9205008,9205008-Gucci-Gang,2019-09-29 22:36:05.943349,United States,,205,//s3cdn-lookbooknu.netdna-ssl.com/files/looks/medium/2019/09/30/5443781_image.jpg?1569830068
