page,look_id,look_img,hypes
https://lookbook.nu/,"<a href=""/look/9205280-Zalando-See-Through-Blouse-American-Apparel"" class=""title"" data-page-track=""look title click"" id=""look_title_9205280"" target=""_blank"">Steel and Humidity</a>","<img alt=""Tram Anh - Zalando See Through Blouse, American Apparel Dress, Michael Kors Glasses - Steel and Humidity"" class=""look-photo"" src=""//s3cdn-lookbooknu.netdna-ssl.com/files/looks/medium/2019/10/01/5443923_azDhK-LL-horz.jpg?1569938218"" srcset=""//s3cdn-lookbooknu.netdna-ssl.com/files/looks/large/2019/10/01/5443923_azDhK-LL-horz.jpg?1569938218 1.5x"">","<div class=""hypes-count"">676</div>"
https://lookbook.nu/,"<a href=""/look/9206430-Bershka-Black-Skirt-Sinsay-Animal-Print-Crop"" class=""title"" data-page-track=""look title click"" id=""look_title_9206430"" target=""_blank"">Animal print cheetos outfit </a>","<img alt=""Raluca M - Bershka Black Skirt, Sinsay Animal Print Crop Top - Animal print cheetos outfit "" class=""look-photo"" src=""//s3cdn-lookbooknu.netdna-ssl.com/files/looks/medium/2019/10/06/5444521_image.jpg?1570348796"" srcset=""//s3cdn-lookbooknu.netdna-ssl.com/files/looks/large/2019/10/06/5444521_image.jpg?1570348796 1.5x"">","<div class=""hypes-count"">40</div>"
https://lookbook.nu/,"<a href=""/look/9206500-Zara-Shoes-Mango-Scarf-Warehouse"" class=""title"" data-page-track=""look title click"" id=""look_title_9206500"" target=""_blank"">Warehouse</a>","<img alt=""Cassey Cakes - Zara Shoes, Mango Scarf - Warehouse"" class=""look-photo"" src=""//s3cdn-lookbooknu.netdna-ssl.com/files/looks/medium/2019/10/06/5444558_image.jpg?1570372867"" srcset=""//s3cdn-lookbooknu.netdna-ssl.com/files/looks/large/2019/10/06/5444558_image.jpg?1570372867 1.5x"">","<div class=""hypes-count"">3</div>"
https://lookbook.nu/,"<a href=""/look/9205308-Sun-Kissed"" class=""title"" data-page-track=""look title click"" id=""look_title_9205308"" target=""_blank"">SUN-KISSED.</a>","<img alt=""Oroma Roxella Rukevwe -  - SUN-KISSED."" class=""look-photo"" src=""//s3cdn-lookbooknu.netdna-ssl.com/files/looks/medium/2019/10/01/5443938_LOOKBOOK.jpg?1569946085"" srcset=""//s3cdn-lookbooknu.netdna-ssl.com/files/looks/large/2019/10/01/5443938_LOOKBOOK.jpg?1569946085 1.5x"">","<div class=""hypes-count"">437</div>"
https://lookbook.nu/,"<a href=""/look/9206496-Violet-Accents"" class=""title"" data-page-track=""look title click"" id=""look_title_9206496"" target=""_blank"">Violet Accents</a>","<img alt=""Lucinda â˜… Van Tassel -  - Violet Accents"" class=""look-photo"" src=""//s3cdn-lookbooknu.netdna-ssl.com/files/looks/medium/2019/10/06/5444556_Gothic_Outfit.jpg?1570372313"" srcset=""//s3cdn-lookbooknu.netdna-ssl.com/files/looks/large/2019/10/06/5444556_Gothic_Outfit.jpg?1570372313 1.5x"">","<div class=""hypes-count"">4</div>"
https://lookbook.nu/,"<a href=""/look/9206294-Ch"" class=""title"" data-page-track=""look title click"" id=""look_title_9206294"" target=""_blank"">Chaneling Fall Vibes in Mustard and Animal Print</a>","<img alt=""Kimberly Kong -  - Chaneling Fall Vibes in Mustard and Animal Print"" class=""look-photo"" src=""//s3cdn-lookbooknu.netdna-ssl.com/files/looks/medium/2019/10/05/5444451_look.jpg?1570284136"" srcset=""//s3cdn-lookbooknu.netdna-ssl.com/files/looks/large/2019/10/05/5444451_look.jpg?1570284136 1.5x"">","<div class=""hypes-count"">206</div>"
https://lookbook.nu/,"<a href=""/look/9205978-Gym-Hero-Zara-Guess-Kendall&amp;Kylie-Camel-Dress"" class=""title"" data-page-track=""look title click"" id=""look_title_9205978"" target=""_blank"">Camel Dress</a>","<img alt=""Klaudia Bembenik - Gym Hero, Zara, Guess, Kendall&amp;Kylie - Camel Dress"" class=""look-photo"" src=""//s3cdn-lookbooknu.netdna-ssl.com/files/looks/medium/2019/10/04/5444292_gymhero2.jpg?1570188228"" srcset=""//s3cdn-lookbooknu.netdna-ssl.com/files/looks/large/2019/10/04/5444292_gymhero2.jpg?1570188228 1.5x"">","<div class=""hypes-count"">335</div>"
https://lookbook.nu/,"<a href=""/look/9206494-Off-White-Belt-Stussy-Hat-Mom-Jeans"" class=""title"" data-page-track=""look title click"" id=""look_title_9206494"" target=""_blank"">Mom Jeans</a>","<img alt=""Alexis Boldt - Off White Belt, Stussy Hat - Mom Jeans"" class=""look-photo"" src=""//s3cdn-lookbooknu.netdna-ssl.com/files/looks/medium/2019/10/06/5444555_PhotoGrid_1570371771480.jpg?1570371969"" srcset=""//s3cdn-lookbooknu.netdna-ssl.com/files/looks/large/2019/10/06/5444555_PhotoGrid_1570371771480.jpg?1570371969 1.5x"">","<div class=""hypes-count"">8</div>"
https://lookbook.nu/,"<a href=""/look/9205998-Cow-Vintage-Striped-Cardigan-Nottingham-Green"" class=""title"" data-page-track=""look title click"" id=""look_title_9205998"" target=""_blank"">Reflecting on #SecondHandSeptember</a>","<img alt=""Izzy McLeod - Cow Vintage Striped Cardigan, Nottingham Green Festival Tee, White Rose Blue Jeans - Reflecting on #SecondHandSeptember"" class=""look-photo"" src=""//s3cdn-lookbooknu.netdna-ssl.com/files/looks/medium/2019/10/04/5444302_secondhandseptember-lookbook.jpg?1570195345"" srcset=""//s3cdn-lookbooknu.netdna-ssl.com/files/looks/large/2019/10/04/5444302_secondhandseptember-lookbook.jpg?1570195345 1.5x"">","<div class=""hypes-count"">277</div>"
https://lookbook.nu/,"<a href=""/look/9206002-Eleganza-Extravaganza"" class=""title"" data-page-track=""look title click"" id=""look_title_9206002"" target=""_blank"">Eleganza extravaganza </a>","<img alt=""Jose Pacheco -  - Eleganza extravaganza "" class=""look-photo"" src=""//s3cdn-lookbooknu.netdna-ssl.com/files/looks/medium/2019/10/04/5444304_image.jpg?1570195957"" srcset=""//s3cdn-lookbooknu.netdna-ssl.com/files/looks/large/2019/10/04/5444304_image.jpg?1570195957 1.5x"">","<div class=""hypes-count"">150</div>"
https://lookbook.nu/,"<a href=""/look/9205492-Shein-Dresd-Pink-Dress-And-Umbrellas"" class=""title"" data-page-track=""look title click"" id=""look_title_9205492"" target=""_blank"">PINK DRESS AND UMBRELLAS </a>","<img alt=""Viktoriya Sener - Shein Dresd - PINK DRESS AND UMBRELLAS "" class=""look-photo"" src=""//s3cdn-lookbooknu.netdna-ssl.com/files/looks/medium/2019/10/02/5444037_lookbook_viktoriya_sener.jpg?1570027022"" srcset=""//s3cdn-lookbooknu.netdna-ssl.com/files/looks/large/2019/10/02/5444037_lookbook_viktoriya_sener.jpg?1570027022 1.5x"">","<div class=""hypes-count"">619</div>"
https://lookbook.nu/,"<a href=""/look/9206508-Kanahos-Show-Stage819-Kanaho-Morisue-Rainbows"" class=""title"" data-page-track=""look title click"" id=""look_title_9206508"" target=""_blank"">Mar 16, 2019 stage:819</a>","<img alt=""Kanaho Morris - Kanaho's Show Stage:819, Kanaho Morisue Rainbows, Issey Miyake Old Pleats Please, Dr. Martens 80's Vintage - Mar 16, 2019 stage:819"" class=""look-photo"" src=""//s3cdn-lookbooknu.netdna-ssl.com/files/looks/medium/2019/10/06/5444561_lookbook819.jpg?1570373719"" srcset=""//s3cdn-lookbooknu.netdna-ssl.com/files/looks/large/2019/10/06/5444561_lookbook819.jpg?1570373719 1.5x"">","<div class=""hypes-count"">2</div>"
page,look_id,look_img,hypes
https://lookbook.nu/united-states,"<a href=""/look/9206494-Off-White-Belt-Stussy-Hat-Mom-Jeans"" class=""title"" data-page-track=""look title click"" id=""look_title_9206494"" target=""_blank"">Mom Jeans</a>","<img alt=""Alexis Boldt - Off White Belt, Stussy Hat - Mom Jeans"" class=""look-photo"" src=""//s3cdn-lookbooknu.netdna-ssl.com/files/looks/medium/2019/10/06/5444555_PhotoGrid_1570371771480.jpg?1570371969"" srcset=""//s3cdn-lookbooknu.netdna-ssl.com/files/looks/large/2019/10/06/5444555_PhotoGrid_1570371771480.jpg?1570371969 1.5x"">","<div class=""hypes-count"">10</div>"
https://lookbook.nu/united-states,"<a href=""/look/9206482-Barbie-Girl"" class=""title"" data-page-track=""look title click"" id=""look_title_9206482"" target=""_blank"">â€œBarbie Girlâ€</a>","<img alt=""Michelle Blue -  - â€œBarbie Girlâ€"" class=""look-photo"" src=""//s3cdn-lookbooknu.netdna-ssl.com/files/looks/medium/2019/10/06/5444549_image.jpg?1570368572"" srcset=""//s3cdn-lookbooknu.netdna-ssl.com/files/looks/large/2019/10/06/5444549_image.jpg?1570368572 1.5x"">","<div class=""hypes-count"">30</div>"
https://lookbook.nu/united-states,"<a href=""/look/9206412-"" class=""title"" data-page-track=""look title click"" id=""look_title_9206412"" target=""_blank"">ğ¡ğ¢ğ ğ¡ğ¥ğšğ§ğğ¬</a>","<img alt=""David ross Lawn -  - ğ¡ğ¢ğ ğ¡ğ¥ğšğ§ğğ¬"" class=""look-photo"" src=""//s3cdn-lookbooknu.netdna-ssl.com/files/looks/medium/2019/10/06/5444512_l0l0.jpg?1570334970"" srcset=""//s3cdn-lookbooknu.netdna-ssl.com/files/looks/large/2019/10/06/5444512_l0l0.jpg?1570334970 1.5x"">","<div class=""hypes-count"">96</div>"
https://lookbook.nu/united-states,"<a href=""/look/9206364-October-5th"" class=""title"" data-page-track=""look title click"" id=""look_title_9206364"" target=""_blank"">October 5th</a>","<img alt=""Paula Gallagher -  - October 5th"" class=""look-photo"" src=""//s3cdn-lookbooknu.netdna-ssl.com/files/looks/medium/2019/10/05/5444487_image.jpg?1570302579"" srcset=""//s3cdn-lookbooknu.netdna-ssl.com/files/looks/large/2019/10/05/5444487_image.jpg?1570302579 1.5x"">","<div class=""hypes-count"">138</div>"
https://lookbook.nu/united-states,"<a href=""/look/9206294-Ch"" class=""title"" data-page-track=""look title click"" id=""look_title_9206294"" target=""_blank"">Chaneling Fall Vibes in Mustard and Animal Print</a>","<img alt=""Kimberly Kong -  - Chaneling Fall Vibes in Mustard and Animal Print"" class=""look-photo"" src=""//s3cdn-lookbooknu.netdna-ssl.com/files/looks/medium/2019/10/05/5444451_look.jpg?1570284136"" srcset=""//s3cdn-lookbooknu.netdna-ssl.com/files/looks/large/2019/10/05/5444451_look.jpg?1570284136 1.5x"">","<div class=""hypes-count"">208</div>"
https://lookbook.nu/united-states,"<a href=""/look/9206122-Sunlit-Dream"" class=""title"" data-page-track=""look title click"" id=""look_title_9206122"" target=""_blank"">Sunlit Dream</a>","<img alt=""Jazmine Liss -  - Sunlit Dream"" class=""look-photo"" src=""//s3cdn-lookbooknu.netdna-ssl.com/files/looks/medium/2019/10/05/5444365_Untitled_design_(2).jpg?1570254148"" srcset=""//s3cdn-lookbooknu.netdna-ssl.com/files/looks/large/2019/10/05/5444365_Untitled_design_(2).jpg?1570254148 1.5x"">","<div class=""hypes-count"">254</div>"
https://lookbook.nu/united-states,"<a href=""/look/9206108-Zara-Sheer-Top-Denim-Shorts-Sheer-Florals-Th"" class=""title"" data-page-track=""look title click"" id=""look_title_9206108"" target=""_blank"">SHEER FLORALS // @thehungarianbrunette</a>","<img alt=""Jenny Mehlmann - Zara Sheer Top, Zara Denim Shorts - SHEER FLORALS // @thehungarianbrunette"" class=""look-photo"" src=""//s3cdn-lookbooknu.netdna-ssl.com/files/looks/medium/2019/10/04/5444357_Screen_Shot_2019-09-26_at_4.46.00_PM.jpg?1570230841"" srcset=""//s3cdn-lookbooknu.netdna-ssl.com/files/looks/large/2019/10/04/5444357_Screen_Shot_2019-09-26_at_4.46.00_PM.jpg?1570230841 1.5x"">","<div class=""hypes-count"">235</div>"
https://lookbook.nu/united-states,"<a href=""/look/9206056-Urban-Outfitters-Hat-H&amp;M-Shirt-Madewell-Jeans"" class=""title"" data-page-track=""look title click"" id=""look_title_9206056"" target=""_blank"">UNTZ </a>","<img alt=""Kayte Demont - Urban Outfitters Hat, H&amp;M Shirt, Madewell Jeans, Primark Boots, Daniel Wellington Watch - UNTZ "" class=""look-photo"" src=""//s3cdn-lookbooknu.netdna-ssl.com/files/looks/medium/2019/10/04/5444329_untz__kaytedemont_2019-7037.jpg?1570209474"" srcset=""//s3cdn-lookbooknu.netdna-ssl.com/files/looks/large/2019/10/04/5444329_untz__kaytedemont_2019-7037.jpg?1570209474 1.5x"">","<div class=""hypes-count"">356</div>"
https://lookbook.nu/united-states,"<a href=""/look/9206054-Ader-Error-Tee-Kenzo-Fanny-Pack-Cline-Celine"" class=""title"" data-page-track=""look title click"" id=""look_title_9206054"" target=""_blank"">Closed Time-Like Curve in Vienna</a>","<img alt=""Emmalynn V - Ader Error Tee, Kenzo Fanny Pack, CÃ©line Celine Sunglasses - Closed Time-Like Curve in Vienna"" class=""look-photo"" src=""//s3cdn-lookbooknu.netdna-ssl.com/files/looks/medium/2019/10/04/5444328_image.jpg?1570207648"" srcset=""//s3cdn-lookbooknu.netdna-ssl.com/files/looks/large/2019/10/04/5444328_image.jpg?1570207648 1.5x"">","<div class=""hypes-count"">239</div>"
https://lookbook.nu/united-states,"<a href=""/look/9206048-Ragarebel"" class=""title"" data-page-track=""look title click"" id=""look_title_9206048"" target=""_blank"">@ragarebel</a>","<img alt=""Wello. RAGA -  - @ragarebel"" class=""look-photo"" src=""//s3cdn-lookbooknu.netdna-ssl.com/files/looks/medium/2019/10/04/5444325_20191004_114952.jpg?1570204230"" srcset=""//s3cdn-lookbooknu.netdna-ssl.com/files/looks/large/2019/10/04/5444325_20191004_114952.jpg?1570204230 1.5x"">","<div class=""hypes-count"">181</div>"
https://lookbook.nu/united-states,"<a href=""/look/9206032-Pendant-Plaid-Nora-Dress-Bewitched"" class=""title"" data-page-track=""look title click"" id=""look_title_9206032"" target=""_blank"">Bewitched</a>","<img alt=""Bleu Avenue - Pendant Plaid Nora Dress - Bewitched"" class=""look-photo"" src=""//s3cdn-lookbooknu.netdna-ssl.com/files/looks/medium/2019/10/04/5444317_Style_966_i.jpg?1570201372"" srcset=""//s3cdn-lookbooknu.netdna-ssl.com/files/looks/large/2019/10/04/5444317_Style_966_i.jpg?1570201372 1.5x"">","<div class=""hypes-count"">263</div>"
https://lookbook.nu/united-states,"<a href=""/look/9205898-Anthropologie-Shirt-Lace-Skirt-Doc-Martens-Classic"" class=""title"" data-page-track=""look title click"" id=""look_title_9205898"" target=""_blank"">â˜¾</a>","<img alt=""David ross Lawn - Anthropologie Shirt, Anthropologie Lace Skirt, Doc Martens Classic Black - â˜¾"" class=""look-photo"" src=""//s3cdn-lookbooknu.netdna-ssl.com/files/looks/medium/2019/10/04/5444251_Untitled_collage_(4).jpg?1570155760"" srcset=""//s3cdn-lookbooknu.netdna-ssl.com/files/looks/large/2019/10/04/5444251_Untitled_collage_(4).jpg?1570155760 1.5x"">","<div class=""hypes-count"">234</div>"
page,look_id,look_img,hypes
https://lookbook.nu/united-states,"<a href=""/look/9206494-Off-White-Belt-Stussy-Hat-Mom-Jeans"" class=""title"" data-page-track=""look title click"" id=""look_title_9206494"" target=""_blank"">Mom Jeans</a>","<img alt=""Alexis Boldt - Off White Belt, Stussy Hat - Mom Jeans"" class=""look-photo"" src=""//s3cdn-lookbooknu.netdna-ssl.com/files/looks/medium/2019/10/06/5444555_PhotoGrid_1570371771480.jpg?1570371969"" srcset=""//s3cdn-lookbooknu.netdna-ssl.com/files/looks/large/2019/10/06/5444555_PhotoGrid_1570371771480.jpg?1570371969 1.5x"">","<div class=""hypes-count"">11</div>"
https://lookbook.nu/united-states,"<a href=""/look/9206482-Barbie-Girl"" class=""title"" data-page-track=""look title click"" id=""look_title_9206482"" target=""_blank"">â€œBarbie Girlâ€</a>","<img alt=""Michelle Blue -  - â€œBarbie Girlâ€"" class=""look-photo"" src=""//s3cdn-lookbooknu.netdna-ssl.com/files/looks/medium/2019/10/06/5444549_image.jpg?1570368572"" srcset=""//s3cdn-lookbooknu.netdna-ssl.com/files/looks/large/2019/10/06/5444549_image.jpg?1570368572 1.5x"">","<div class=""hypes-count"">31</div>"
https://lookbook.nu/united-states,"<a href=""/look/9206412-"" class=""title"" data-page-track=""look title click"" id=""look_title_9206412"" target=""_blank"">ğ¡ğ¢ğ ğ¡ğ¥ğšğ§ğğ¬</a>","<img alt=""David ross Lawn -  - ğ¡ğ¢ğ ğ¡ğ¥ğšğ§ğğ¬"" class=""look-photo"" src=""//s3cdn-lookbooknu.netdna-ssl.com/files/looks/medium/2019/10/06/5444512_l0l0.jpg?1570334970"" srcset=""//s3cdn-lookbooknu.netdna-ssl.com/files/looks/large/2019/10/06/5444512_l0l0.jpg?1570334970 1.5x"">","<div class=""hypes-count"">96</div>"
https://lookbook.nu/united-states,"<a href=""/look/9206364-October-5th"" class=""title"" data-page-track=""look title click"" id=""look_title_9206364"" target=""_blank"">October 5th</a>","<img alt=""Paula Gallagher -  - October 5th"" class=""look-photo"" src=""//s3cdn-lookbooknu.netdna-ssl.com/files/looks/medium/2019/10/05/5444487_image.jpg?1570302579"" srcset=""//s3cdn-lookbooknu.netdna-ssl.com/files/looks/large/2019/10/05/5444487_image.jpg?1570302579 1.5x"">","<div class=""hypes-count"">138</div>"
https://lookbook.nu/united-states,"<a href=""/look/9206294-Ch"" class=""title"" data-page-track=""look title click"" id=""look_title_9206294"" target=""_blank"">Chaneling Fall Vibes in Mustard and Animal Print</a>","<img alt=""Kimberly Kong -  - Chaneling Fall Vibes in Mustard and Animal Print"" class=""look-photo"" src=""//s3cdn-lookbooknu.netdna-ssl.com/files/looks/medium/2019/10/05/5444451_look.jpg?1570284136"" srcset=""//s3cdn-lookbooknu.netdna-ssl.com/files/looks/large/2019/10/05/5444451_look.jpg?1570284136 1.5x"">","<div class=""hypes-count"">209</div>"
https://lookbook.nu/united-states,"<a href=""/look/9206122-Sunlit-Dream"" class=""title"" data-page-track=""look title click"" id=""look_title_9206122"" target=""_blank"">Sunlit Dream</a>","<img alt=""Jazmine Liss -  - Sunlit Dream"" class=""look-photo"" src=""//s3cdn-lookbooknu.netdna-ssl.com/files/looks/medium/2019/10/05/5444365_Untitled_design_(2).jpg?1570254148"" srcset=""//s3cdn-lookbooknu.netdna-ssl.com/files/looks/large/2019/10/05/5444365_Untitled_design_(2).jpg?1570254148 1.5x"">","<div class=""hypes-count"">254</div>"
https://lookbook.nu/united-states,"<a href=""/look/9206108-Zara-Sheer-Top-Denim-Shorts-Sheer-Florals-Th"" class=""title"" data-page-track=""look title click"" id=""look_title_9206108"" target=""_blank"">SHEER FLORALS // @thehungarianbrunette</a>","<img alt=""Jenny Mehlmann - Zara Sheer Top, Zara Denim Shorts - SHEER FLORALS // @thehungarianbrunette"" class=""look-photo"" src=""//s3cdn-lookbooknu.netdna-ssl.com/files/looks/medium/2019/10/04/5444357_Screen_Shot_2019-09-26_at_4.46.00_PM.jpg?1570230841"" srcset=""//s3cdn-lookbooknu.netdna-ssl.com/files/looks/large/2019/10/04/5444357_Screen_Shot_2019-09-26_at_4.46.00_PM.jpg?1570230841 1.5x"">","<div class=""hypes-count"">235</div>"
https://lookbook.nu/united-states,"<a href=""/look/9206056-Urban-Outfitters-Hat-H&amp;M-Shirt-Madewell-Jeans"" class=""title"" data-page-track=""look title click"" id=""look_title_9206056"" target=""_blank"">UNTZ </a>","<img alt=""Kayte Demont - Urban Outfitters Hat, H&amp;M Shirt, Madewell Jeans, Primark Boots, Daniel Wellington Watch - UNTZ "" class=""look-photo"" src=""//s3cdn-lookbooknu.netdna-ssl.com/files/looks/medium/2019/10/04/5444329_untz__kaytedemont_2019-7037.jpg?1570209474"" srcset=""//s3cdn-lookbooknu.netdna-ssl.com/files/looks/large/2019/10/04/5444329_untz__kaytedemont_2019-7037.jpg?1570209474 1.5x"">","<div class=""hypes-count"">356</div>"
https://lookbook.nu/united-states,"<a href=""/look/9206054-Ader-Error-Tee-Kenzo-Fanny-Pack-Cline-Celine"" class=""title"" data-page-track=""look title click"" id=""look_title_9206054"" target=""_blank"">Closed Time-Like Curve in Vienna</a>","<img alt=""Emmalynn V - Ader Error Tee, Kenzo Fanny Pack, CÃ©line Celine Sunglasses - Closed Time-Like Curve in Vienna"" class=""look-photo"" src=""//s3cdn-lookbooknu.netdna-ssl.com/files/looks/medium/2019/10/04/5444328_image.jpg?1570207648"" srcset=""//s3cdn-lookbooknu.netdna-ssl.com/files/looks/large/2019/10/04/5444328_image.jpg?1570207648 1.5x"">","<div class=""hypes-count"">239</div>"
https://lookbook.nu/united-states,"<a href=""/look/9206048-Ragarebel"" class=""title"" data-page-track=""look title click"" id=""look_title_9206048"" target=""_blank"">@ragarebel</a>","<img alt=""Wello. RAGA -  - @ragarebel"" class=""look-photo"" src=""//s3cdn-lookbooknu.netdna-ssl.com/files/looks/medium/2019/10/04/5444325_20191004_114952.jpg?1570204230"" srcset=""//s3cdn-lookbooknu.netdna-ssl.com/files/looks/large/2019/10/04/5444325_20191004_114952.jpg?1570204230 1.5x"">","<div class=""hypes-count"">181</div>"
https://lookbook.nu/united-states,"<a href=""/look/9206032-Pendant-Plaid-Nora-Dress-Bewitched"" class=""title"" data-page-track=""look title click"" id=""look_title_9206032"" target=""_blank"">Bewitched</a>","<img alt=""Bleu Avenue - Pendant Plaid Nora Dress - Bewitched"" class=""look-photo"" src=""//s3cdn-lookbooknu.netdna-ssl.com/files/looks/medium/2019/10/04/5444317_Style_966_i.jpg?1570201372"" srcset=""//s3cdn-lookbooknu.netdna-ssl.com/files/looks/large/2019/10/04/5444317_Style_966_i.jpg?1570201372 1.5x"">","<div class=""hypes-count"">263</div>"
https://lookbook.nu/united-states,"<a href=""/look/9205898-Anthropologie-Shirt-Lace-Skirt-Doc-Martens-Classic"" class=""title"" data-page-track=""look title click"" id=""look_title_9205898"" target=""_blank"">â˜¾</a>","<img alt=""David ross Lawn - Anthropologie Shirt, Anthropologie Lace Skirt, Doc Martens Classic Black - â˜¾"" class=""look-photo"" src=""//s3cdn-lookbooknu.netdna-ssl.com/files/looks/medium/2019/10/04/5444251_Untitled_collage_(4).jpg?1570155760"" srcset=""//s3cdn-lookbooknu.netdna-ssl.com/files/looks/large/2019/10/04/5444251_Untitled_collage_(4).jpg?1570155760 1.5x"">","<div class=""hypes-count"">234</div>"
page,look_id,look_img,hypes,product
https://lookbook.nu/united-states,"<a href=""/look/9206494-Off-White-Belt-Stussy-Hat-Mom-Jeans"" class=""title"" data-page-track=""look title click"" id=""look_title_9206494"" target=""_blank"">Mom Jeans</a>","<img alt=""Alexis Boldt - Off White Belt, Stussy Hat - Mom Jeans"" class=""look-photo"" src=""//s3cdn-lookbooknu.netdna-ssl.com/files/looks/medium/2019/10/06/5444555_PhotoGrid_1570371771480.jpg?1570371969"" srcset=""//s3cdn-lookbooknu.netdna-ssl.com/files/looks/large/2019/10/06/5444555_PhotoGrid_1570371771480.jpg?1570371969 1.5x"">","<div class=""hypes-count"">12</div>",Mom Jeans
https://lookbook.nu/united-states,"<a href=""/look/9206482-Barbie-Girl"" class=""title"" data-page-track=""look title click"" id=""look_title_9206482"" target=""_blank"">â€œBarbie Girlâ€</a>","<img alt=""Michelle Blue -  - â€œBarbie Girlâ€"" class=""look-photo"" src=""//s3cdn-lookbooknu.netdna-ssl.com/files/looks/medium/2019/10/06/5444549_image.jpg?1570368572"" srcset=""//s3cdn-lookbooknu.netdna-ssl.com/files/looks/large/2019/10/06/5444549_image.jpg?1570368572 1.5x"">","<div class=""hypes-count"">32</div>",â€œBarbie Girlâ€
https://lookbook.nu/united-states,"<a href=""/look/9206412-"" class=""title"" data-page-track=""look title click"" id=""look_title_9206412"" target=""_blank"">ğ¡ğ¢ğ ğ¡ğ¥ğšğ§ğğ¬</a>","<img alt=""David ross Lawn -  - ğ¡ğ¢ğ ğ¡ğ¥ğšğ§ğğ¬"" class=""look-photo"" src=""//s3cdn-lookbooknu.netdna-ssl.com/files/looks/medium/2019/10/06/5444512_l0l0.jpg?1570334970"" srcset=""//s3cdn-lookbooknu.netdna-ssl.com/files/looks/large/2019/10/06/5444512_l0l0.jpg?1570334970 1.5x"">","<div class=""hypes-count"">96</div>",ğ¡ğ¢ğ ğ¡ğ¥ğšğ§ğğ¬
https://lookbook.nu/united-states,"<a href=""/look/9206364-October-5th"" class=""title"" data-page-track=""look title click"" id=""look_title_9206364"" target=""_blank"">October 5th</a>","<img alt=""Paula Gallagher -  - October 5th"" class=""look-photo"" src=""//s3cdn-lookbooknu.netdna-ssl.com/files/looks/medium/2019/10/05/5444487_image.jpg?1570302579"" srcset=""//s3cdn-lookbooknu.netdna-ssl.com/files/looks/large/2019/10/05/5444487_image.jpg?1570302579 1.5x"">","<div class=""hypes-count"">138</div>",October 5th
https://lookbook.nu/united-states,"<a href=""/look/9206294-Ch"" class=""title"" data-page-track=""look title click"" id=""look_title_9206294"" target=""_blank"">Chaneling Fall Vibes in Mustard and Animal Print</a>","<img alt=""Kimberly Kong -  - Chaneling Fall Vibes in Mustard and Animal Print"" class=""look-photo"" src=""//s3cdn-lookbooknu.netdna-ssl.com/files/looks/medium/2019/10/05/5444451_look.jpg?1570284136"" srcset=""//s3cdn-lookbooknu.netdna-ssl.com/files/looks/large/2019/10/05/5444451_look.jpg?1570284136 1.5x"">","<div class=""hypes-count"">210</div>",Chaneling Fall Vibes in Mustard and Animal Print
https://lookbook.nu/united-states,"<a href=""/look/9206122-Sunlit-Dream"" class=""title"" data-page-track=""look title click"" id=""look_title_9206122"" target=""_blank"">Sunlit Dream</a>","<img alt=""Jazmine Liss -  - Sunlit Dream"" class=""look-photo"" src=""//s3cdn-lookbooknu.netdna-ssl.com/files/looks/medium/2019/10/05/5444365_Untitled_design_(2).jpg?1570254148"" srcset=""//s3cdn-lookbooknu.netdna-ssl.com/files/looks/large/2019/10/05/5444365_Untitled_design_(2).jpg?1570254148 1.5x"">","<div class=""hypes-count"">254</div>",Sunlit Dream
https://lookbook.nu/united-states,"<a href=""/look/9206108-Zara-Sheer-Top-Denim-Shorts-Sheer-Florals-Th"" class=""title"" data-page-track=""look title click"" id=""look_title_9206108"" target=""_blank"">SHEER FLORALS // @thehungarianbrunette</a>","<img alt=""Jenny Mehlmann - Zara Sheer Top, Zara Denim Shorts - SHEER FLORALS // @thehungarianbrunette"" class=""look-photo"" src=""//s3cdn-lookbooknu.netdna-ssl.com/files/looks/medium/2019/10/04/5444357_Screen_Shot_2019-09-26_at_4.46.00_PM.jpg?1570230841"" srcset=""//s3cdn-lookbooknu.netdna-ssl.com/files/looks/large/2019/10/04/5444357_Screen_Shot_2019-09-26_at_4.46.00_PM.jpg?1570230841 1.5x"">","<div class=""hypes-count"">235</div>",SHEER FLORALS // @thehungarianbrunette
https://lookbook.nu/united-states,"<a href=""/look/9206056-Urban-Outfitters-Hat-H&amp;M-Shirt-Madewell-Jeans"" class=""title"" data-page-track=""look title click"" id=""look_title_9206056"" target=""_blank"">UNTZ </a>","<img alt=""Kayte Demont - Urban Outfitters Hat, H&amp;M Shirt, Madewell Jeans, Primark Boots, Daniel Wellington Watch - UNTZ "" class=""look-photo"" src=""//s3cdn-lookbooknu.netdna-ssl.com/files/looks/medium/2019/10/04/5444329_untz__kaytedemont_2019-7037.jpg?1570209474"" srcset=""//s3cdn-lookbooknu.netdna-ssl.com/files/looks/large/2019/10/04/5444329_untz__kaytedemont_2019-7037.jpg?1570209474 1.5x"">","<div class=""hypes-count"">356</div>",UNTZ 
https://lookbook.nu/united-states,"<a href=""/look/9206054-Ader-Error-Tee-Kenzo-Fanny-Pack-Cline-Celine"" class=""title"" data-page-track=""look title click"" id=""look_title_9206054"" target=""_blank"">Closed Time-Like Curve in Vienna</a>","<img alt=""Emmalynn V - Ader Error Tee, Kenzo Fanny Pack, CÃ©line Celine Sunglasses - Closed Time-Like Curve in Vienna"" class=""look-photo"" src=""//s3cdn-lookbooknu.netdna-ssl.com/files/looks/medium/2019/10/04/5444328_image.jpg?1570207648"" srcset=""//s3cdn-lookbooknu.netdna-ssl.com/files/looks/large/2019/10/04/5444328_image.jpg?1570207648 1.5x"">","<div class=""hypes-count"">239</div>",Closed Time-Like Curve in Vienna
https://lookbook.nu/united-states,"<a href=""/look/9206048-Ragarebel"" class=""title"" data-page-track=""look title click"" id=""look_title_9206048"" target=""_blank"">@ragarebel</a>","<img alt=""Wello. RAGA -  - @ragarebel"" class=""look-photo"" src=""//s3cdn-lookbooknu.netdna-ssl.com/files/looks/medium/2019/10/04/5444325_20191004_114952.jpg?1570204230"" srcset=""//s3cdn-lookbooknu.netdna-ssl.com/files/looks/large/2019/10/04/5444325_20191004_114952.jpg?1570204230 1.5x"">","<div class=""hypes-count"">181</div>",@ragarebel
https://lookbook.nu/united-states,"<a href=""/look/9206032-Pendant-Plaid-Nora-Dress-Bewitched"" class=""title"" data-page-track=""look title click"" id=""look_title_9206032"" target=""_blank"">Bewitched</a>","<img alt=""Bleu Avenue - Pendant Plaid Nora Dress - Bewitched"" class=""look-photo"" src=""//s3cdn-lookbooknu.netdna-ssl.com/files/looks/medium/2019/10/04/5444317_Style_966_i.jpg?1570201372"" srcset=""//s3cdn-lookbooknu.netdna-ssl.com/files/looks/large/2019/10/04/5444317_Style_966_i.jpg?1570201372 1.5x"">","<div class=""hypes-count"">263</div>",Bewitched
https://lookbook.nu/united-states,"<a href=""/look/9205898-Anthropologie-Shirt-Lace-Skirt-Doc-Martens-Classic"" class=""title"" data-page-track=""look title click"" id=""look_title_9205898"" target=""_blank"">â˜¾</a>","<img alt=""David ross Lawn - Anthropologie Shirt, Anthropologie Lace Skirt, Doc Martens Classic Black - â˜¾"" class=""look-photo"" src=""//s3cdn-lookbooknu.netdna-ssl.com/files/looks/medium/2019/10/04/5444251_Untitled_collage_(4).jpg?1570155760"" srcset=""//s3cdn-lookbooknu.netdna-ssl.com/files/looks/large/2019/10/04/5444251_Untitled_collage_(4).jpg?1570155760 1.5x"">","<div class=""hypes-count"">234</div>",â˜¾
page,look_id,look_img,hypes
https://lookbook.nu/united-states,"<a href=""/look/9206494-Off-White-Belt-Stussy-Hat-Mom-Jeans"" class=""title"" data-page-track=""look title click"" id=""look_title_9206494"" target=""_blank"">Mom Jeans</a>","<img alt=""Alexis Boldt - Off White Belt, Stussy Hat - Mom Jeans"" class=""look-photo"" src=""//s3cdn-lookbooknu.netdna-ssl.com/files/looks/medium/2019/10/06/5444555_PhotoGrid_1570371771480.jpg?1570371969"" srcset=""//s3cdn-lookbooknu.netdna-ssl.com/files/looks/large/2019/10/06/5444555_PhotoGrid_1570371771480.jpg?1570371969 1.5x"">",17
https://lookbook.nu/united-states,"<a href=""/look/9206482-Barbie-Girl"" class=""title"" data-page-track=""look title click"" id=""look_title_9206482"" target=""_blank"">â€œBarbie Girlâ€</a>","<img alt=""Michelle Blue -  - â€œBarbie Girlâ€"" class=""look-photo"" src=""//s3cdn-lookbooknu.netdna-ssl.com/files/looks/medium/2019/10/06/5444549_image.jpg?1570368572"" srcset=""//s3cdn-lookbooknu.netdna-ssl.com/files/looks/large/2019/10/06/5444549_image.jpg?1570368572 1.5x"">",38
https://lookbook.nu/united-states,"<a href=""/look/9206412-"" class=""title"" data-page-track=""look title click"" id=""look_title_9206412"" target=""_blank"">ğ¡ğ¢ğ ğ¡ğ¥ğšğ§ğğ¬</a>","<img alt=""David ross Lawn -  - ğ¡ğ¢ğ ğ¡ğ¥ğšğ§ğğ¬"" class=""look-photo"" src=""//s3cdn-lookbooknu.netdna-ssl.com/files/looks/medium/2019/10/06/5444512_l0l0.jpg?1570334970"" srcset=""//s3cdn-lookbooknu.netdna-ssl.com/files/looks/large/2019/10/06/5444512_l0l0.jpg?1570334970 1.5x"">",97
https://lookbook.nu/united-states,"<a href=""/look/9206364-October-5th"" class=""title"" data-page-track=""look title click"" id=""look_title_9206364"" target=""_blank"">October 5th</a>","<img alt=""Paula Gallagher -  - October 5th"" class=""look-photo"" src=""//s3cdn-lookbooknu.netdna-ssl.com/files/looks/medium/2019/10/05/5444487_image.jpg?1570302579"" srcset=""//s3cdn-lookbooknu.netdna-ssl.com/files/looks/large/2019/10/05/5444487_image.jpg?1570302579 1.5x"">",138
https://lookbook.nu/united-states,"<a href=""/look/9206294-Ch"" class=""title"" data-page-track=""look title click"" id=""look_title_9206294"" target=""_blank"">Chaneling Fall Vibes in Mustard and Animal Print</a>","<img alt=""Kimberly Kong -  - Chaneling Fall Vibes in Mustard and Animal Print"" class=""look-photo"" src=""//s3cdn-lookbooknu.netdna-ssl.com/files/looks/medium/2019/10/05/5444451_look.jpg?1570284136"" srcset=""//s3cdn-lookbooknu.netdna-ssl.com/files/looks/large/2019/10/05/5444451_look.jpg?1570284136 1.5x"">",215
https://lookbook.nu/united-states,"<a href=""/look/9206122-Sunlit-Dream"" class=""title"" data-page-track=""look title click"" id=""look_title_9206122"" target=""_blank"">Sunlit Dream</a>","<img alt=""Jazmine Liss -  - Sunlit Dream"" class=""look-photo"" src=""//s3cdn-lookbooknu.netdna-ssl.com/files/looks/medium/2019/10/05/5444365_Untitled_design_(2).jpg?1570254148"" srcset=""//s3cdn-lookbooknu.netdna-ssl.com/files/looks/large/2019/10/05/5444365_Untitled_design_(2).jpg?1570254148 1.5x"">",254
https://lookbook.nu/united-states,"<a href=""/look/9206108-Zara-Sheer-Top-Denim-Shorts-Sheer-Florals-Th"" class=""title"" data-page-track=""look title click"" id=""look_title_9206108"" target=""_blank"">SHEER FLORALS // @thehungarianbrunette</a>","<img alt=""Jenny Mehlmann - Zara Sheer Top, Zara Denim Shorts - SHEER FLORALS // @thehungarianbrunette"" class=""look-photo"" src=""//s3cdn-lookbooknu.netdna-ssl.com/files/looks/medium/2019/10/04/5444357_Screen_Shot_2019-09-26_at_4.46.00_PM.jpg?1570230841"" srcset=""//s3cdn-lookbooknu.netdna-ssl.com/files/looks/large/2019/10/04/5444357_Screen_Shot_2019-09-26_at_4.46.00_PM.jpg?1570230841 1.5x"">",235
https://lookbook.nu/united-states,"<a href=""/look/9206056-Urban-Outfitters-Hat-H&amp;M-Shirt-Madewell-Jeans"" class=""title"" data-page-track=""look title click"" id=""look_title_9206056"" target=""_blank"">UNTZ </a>","<img alt=""Kayte Demont - Urban Outfitters Hat, H&amp;M Shirt, Madewell Jeans, Primark Boots, Daniel Wellington Watch - UNTZ "" class=""look-photo"" src=""//s3cdn-lookbooknu.netdna-ssl.com/files/looks/medium/2019/10/04/5444329_untz__kaytedemont_2019-7037.jpg?1570209474"" srcset=""//s3cdn-lookbooknu.netdna-ssl.com/files/looks/large/2019/10/04/5444329_untz__kaytedemont_2019-7037.jpg?1570209474 1.5x"">",356
https://lookbook.nu/united-states,"<a href=""/look/9206054-Ader-Error-Tee-Kenzo-Fanny-Pack-Cline-Celine"" class=""title"" data-page-track=""look title click"" id=""look_title_9206054"" target=""_blank"">Closed Time-Like Curve in Vienna</a>","<img alt=""Emmalynn V - Ader Error Tee, Kenzo Fanny Pack, CÃ©line Celine Sunglasses - Closed Time-Like Curve in Vienna"" class=""look-photo"" src=""//s3cdn-lookbooknu.netdna-ssl.com/files/looks/medium/2019/10/04/5444328_image.jpg?1570207648"" srcset=""//s3cdn-lookbooknu.netdna-ssl.com/files/looks/large/2019/10/04/5444328_image.jpg?1570207648 1.5x"">",239
https://lookbook.nu/united-states,"<a href=""/look/9206048-Ragarebel"" class=""title"" data-page-track=""look title click"" id=""look_title_9206048"" target=""_blank"">@ragarebel</a>","<img alt=""Wello. RAGA -  - @ragarebel"" class=""look-photo"" src=""//s3cdn-lookbooknu.netdna-ssl.com/files/looks/medium/2019/10/04/5444325_20191004_114952.jpg?1570204230"" srcset=""//s3cdn-lookbooknu.netdna-ssl.com/files/looks/large/2019/10/04/5444325_20191004_114952.jpg?1570204230 1.5x"">",181
https://lookbook.nu/united-states,"<a href=""/look/9206032-Pendant-Plaid-Nora-Dress-Bewitched"" class=""title"" data-page-track=""look title click"" id=""look_title_9206032"" target=""_blank"">Bewitched</a>","<img alt=""Bleu Avenue - Pendant Plaid Nora Dress - Bewitched"" class=""look-photo"" src=""//s3cdn-lookbooknu.netdna-ssl.com/files/looks/medium/2019/10/04/5444317_Style_966_i.jpg?1570201372"" srcset=""//s3cdn-lookbooknu.netdna-ssl.com/files/looks/large/2019/10/04/5444317_Style_966_i.jpg?1570201372 1.5x"">",263
https://lookbook.nu/united-states,"<a href=""/look/9205898-Anthropologie-Shirt-Lace-Skirt-Doc-Martens-Classic"" class=""title"" data-page-track=""look title click"" id=""look_title_9205898"" target=""_blank"">â˜¾</a>","<img alt=""David ross Lawn - Anthropologie Shirt, Anthropologie Lace Skirt, Doc Martens Classic Black - â˜¾"" class=""look-photo"" src=""//s3cdn-lookbooknu.netdna-ssl.com/files/looks/medium/2019/10/04/5444251_Untitled_collage_(4).jpg?1570155760"" srcset=""//s3cdn-lookbooknu.netdna-ssl.com/files/looks/large/2019/10/04/5444251_Untitled_collage_(4).jpg?1570155760 1.5x"">",234
page,look_id,look_img,hypes
https://lookbook.nu/united-states,"<a href=""/look/9206494-Off-White-Belt-Stussy-Hat-Mom-Jeans"" class=""title"" data-page-track=""look title click"" id=""look_title_9206494"" target=""_blank"">Mom Jeans</a>",//s3cdn-lookbooknu.netdna-ssl.com/files/looks/medium/2019/10/06/5444555_PhotoGrid_1570371771480.jpg?1570371969,17
https://lookbook.nu/united-states,"<a href=""/look/9206482-Barbie-Girl"" class=""title"" data-page-track=""look title click"" id=""look_title_9206482"" target=""_blank"">â€œBarbie Girlâ€</a>",//s3cdn-lookbooknu.netdna-ssl.com/files/looks/medium/2019/10/06/5444549_image.jpg?1570368572,38
https://lookbook.nu/united-states,"<a href=""/look/9206412-"" class=""title"" data-page-track=""look title click"" id=""look_title_9206412"" target=""_blank"">ğ¡ğ¢ğ ğ¡ğ¥ğšğ§ğğ¬</a>",//s3cdn-lookbooknu.netdna-ssl.com/files/looks/medium/2019/10/06/5444512_l0l0.jpg?1570334970,97
https://lookbook.nu/united-states,"<a href=""/look/9206364-October-5th"" class=""title"" data-page-track=""look title click"" id=""look_title_9206364"" target=""_blank"">October 5th</a>",//s3cdn-lookbooknu.netdna-ssl.com/files/looks/medium/2019/10/05/5444487_image.jpg?1570302579,138
https://lookbook.nu/united-states,"<a href=""/look/9206294-Ch"" class=""title"" data-page-track=""look title click"" id=""look_title_9206294"" target=""_blank"">Chaneling Fall Vibes in Mustard and Animal Print</a>",//s3cdn-lookbooknu.netdna-ssl.com/files/looks/medium/2019/10/05/5444451_look.jpg?1570284136,216
https://lookbook.nu/united-states,"<a href=""/look/9206122-Sunlit-Dream"" class=""title"" data-page-track=""look title click"" id=""look_title_9206122"" target=""_blank"">Sunlit Dream</a>",//s3cdn-lookbooknu.netdna-ssl.com/files/looks/medium/2019/10/05/5444365_Untitled_design_(2).jpg?1570254148,254
https://lookbook.nu/united-states,"<a href=""/look/9206108-Zara-Sheer-Top-Denim-Shorts-Sheer-Florals-Th"" class=""title"" data-page-track=""look title click"" id=""look_title_9206108"" target=""_blank"">SHEER FLORALS // @thehungarianbrunette</a>",//s3cdn-lookbooknu.netdna-ssl.com/files/looks/medium/2019/10/04/5444357_Screen_Shot_2019-09-26_at_4.46.00_PM.jpg?1570230841,235
https://lookbook.nu/united-states,"<a href=""/look/9206056-Urban-Outfitters-Hat-H&amp;M-Shirt-Madewell-Jeans"" class=""title"" data-page-track=""look title click"" id=""look_title_9206056"" target=""_blank"">UNTZ </a>",//s3cdn-lookbooknu.netdna-ssl.com/files/looks/medium/2019/10/04/5444329_untz__kaytedemont_2019-7037.jpg?1570209474,356
https://lookbook.nu/united-states,"<a href=""/look/9206054-Ader-Error-Tee-Kenzo-Fanny-Pack-Cline-Celine"" class=""title"" data-page-track=""look title click"" id=""look_title_9206054"" target=""_blank"">Closed Time-Like Curve in Vienna</a>",//s3cdn-lookbooknu.netdna-ssl.com/files/looks/medium/2019/10/04/5444328_image.jpg?1570207648,239
https://lookbook.nu/united-states,"<a href=""/look/9206048-Ragarebel"" class=""title"" data-page-track=""look title click"" id=""look_title_9206048"" target=""_blank"">@ragarebel</a>",//s3cdn-lookbooknu.netdna-ssl.com/files/looks/medium/2019/10/04/5444325_20191004_114952.jpg?1570204230,181
https://lookbook.nu/united-states,"<a href=""/look/9206032-Pendant-Plaid-Nora-Dress-Bewitched"" class=""title"" data-page-track=""look title click"" id=""look_title_9206032"" target=""_blank"">Bewitched</a>",//s3cdn-lookbooknu.netdna-ssl.com/files/looks/medium/2019/10/04/5444317_Style_966_i.jpg?1570201372,263
https://lookbook.nu/united-states,"<a href=""/look/9205898-Anthropologie-Shirt-Lace-Skirt-Doc-Martens-Classic"" class=""title"" data-page-track=""look title click"" id=""look_title_9205898"" target=""_blank"">â˜¾</a>",//s3cdn-lookbooknu.netdna-ssl.com/files/looks/medium/2019/10/04/5444251_Untitled_collage_(4).jpg?1570155760,234
page,look_id,look_img,hypes
https://lookbook.nu/united-states,/look/9206494-Off-White-Belt-Stussy-Hat-Mom-Jeans,//s3cdn-lookbooknu.netdna-ssl.com/files/looks/medium/2019/10/06/5444555_PhotoGrid_1570371771480.jpg?1570371969,18
https://lookbook.nu/united-states,/look/9206482-Barbie-Girl,//s3cdn-lookbooknu.netdna-ssl.com/files/looks/medium/2019/10/06/5444549_image.jpg?1570368572,39
https://lookbook.nu/united-states,/look/9206412-,//s3cdn-lookbooknu.netdna-ssl.com/files/looks/medium/2019/10/06/5444512_l0l0.jpg?1570334970,97
https://lookbook.nu/united-states,/look/9206364-October-5th,//s3cdn-lookbooknu.netdna-ssl.com/files/looks/medium/2019/10/05/5444487_image.jpg?1570302579,138
https://lookbook.nu/united-states,/look/9206294-Ch,//s3cdn-lookbooknu.netdna-ssl.com/files/looks/medium/2019/10/05/5444451_look.jpg?1570284136,217
https://lookbook.nu/united-states,/look/9206122-Sunlit-Dream,//s3cdn-lookbooknu.netdna-ssl.com/files/looks/medium/2019/10/05/5444365_Untitled_design_(2).jpg?1570254148,254
https://lookbook.nu/united-states,/look/9206108-Zara-Sheer-Top-Denim-Shorts-Sheer-Florals-Th,//s3cdn-lookbooknu.netdna-ssl.com/files/looks/medium/2019/10/04/5444357_Screen_Shot_2019-09-26_at_4.46.00_PM.jpg?1570230841,235
https://lookbook.nu/united-states,/look/9206056-Urban-Outfitters-Hat-H&M-Shirt-Madewell-Jeans,//s3cdn-lookbooknu.netdna-ssl.com/files/looks/medium/2019/10/04/5444329_untz__kaytedemont_2019-7037.jpg?1570209474,356
https://lookbook.nu/united-states,/look/9206054-Ader-Error-Tee-Kenzo-Fanny-Pack-Cline-Celine,//s3cdn-lookbooknu.netdna-ssl.com/files/looks/medium/2019/10/04/5444328_image.jpg?1570207648,239
https://lookbook.nu/united-states,/look/9206048-Ragarebel,//s3cdn-lookbooknu.netdna-ssl.com/files/looks/medium/2019/10/04/5444325_20191004_114952.jpg?1570204230,181
https://lookbook.nu/united-states,/look/9206032-Pendant-Plaid-Nora-Dress-Bewitched,//s3cdn-lookbooknu.netdna-ssl.com/files/looks/medium/2019/10/04/5444317_Style_966_i.jpg?1570201372,263
https://lookbook.nu/united-states,/look/9205898-Anthropologie-Shirt-Lace-Skirt-Doc-Martens-Classic,//s3cdn-lookbooknu.netdna-ssl.com/files/looks/medium/2019/10/04/5444251_Untitled_collage_(4).jpg?1570155760,234
page,look_id,look_img,hypes,tags
https://lookbook.nu/united-states,/look/9206526-Karinadresses-Ruby-Dress-In-Charmed-Autumn-Fashion-Charmed,//s3cdn-lookbooknu.netdna-ssl.com/files/looks/medium/2019/10/06/5444570_Style_970_g.jpg?1570379120,0,/
https://lookbook.nu/united-states,/look/9206494-Off-White-Belt-Stussy-Hat-Mom-Jeans,//s3cdn-lookbooknu.netdna-ssl.com/files/looks/medium/2019/10/06/5444555_PhotoGrid_1570371771480.jpg?1570371969,19,/
https://lookbook.nu/united-states,/look/9206482-Barbie-Girl,//s3cdn-lookbooknu.netdna-ssl.com/files/looks/medium/2019/10/06/5444549_image.jpg?1570368572,40,u
https://lookbook.nu/united-states,/look/9206412-,//s3cdn-lookbooknu.netdna-ssl.com/files/looks/medium/2019/10/06/5444512_l0l0.jpg?1570334970,97,l
https://lookbook.nu/united-states,/look/9206364-October-5th,//s3cdn-lookbooknu.netdna-ssl.com/files/looks/medium/2019/10/05/5444487_image.jpg?1570302579,138,[
https://lookbook.nu/united-states,/look/9206294-Ch,//s3cdn-lookbooknu.netdna-ssl.com/files/looks/medium/2019/10/05/5444451_look.jpg?1570284136,218,@
https://lookbook.nu/united-states,/look/9206122-Sunlit-Dream,//s3cdn-lookbooknu.netdna-ssl.com/files/looks/medium/2019/10/05/5444365_Untitled_design_(2).jpg?1570254148,254,c
https://lookbook.nu/united-states,/look/9206108-Zara-Sheer-Top-Denim-Shorts-Sheer-Florals-Th,//s3cdn-lookbooknu.netdna-ssl.com/files/looks/medium/2019/10/04/5444357_Screen_Shot_2019-09-26_at_4.46.00_PM.jpg?1570230841,235,l
https://lookbook.nu/united-states,/look/9206056-Urban-Outfitters-Hat-H&M-Shirt-Madewell-Jeans,//s3cdn-lookbooknu.netdna-ssl.com/files/looks/medium/2019/10/04/5444329_untz__kaytedemont_2019-7037.jpg?1570209474,357,a
https://lookbook.nu/united-states,/look/9206054-Ader-Error-Tee-Kenzo-Fanny-Pack-Cline-Celine,//s3cdn-lookbooknu.netdna-ssl.com/files/looks/medium/2019/10/04/5444328_image.jpg?1570207648,239,s
https://lookbook.nu/united-states,/look/9206048-Ragarebel,//s3cdn-lookbooknu.netdna-ssl.com/files/looks/medium/2019/10/04/5444325_20191004_114952.jpg?1570204230,181,s
https://lookbook.nu/united-states,/look/9206032-Pendant-Plaid-Nora-Dress-Bewitched,//s3cdn-lookbooknu.netdna-ssl.com/files/looks/medium/2019/10/04/5444317_Style_966_i.jpg?1570201372,263,=
page,look_id,look_img,hypes,tags
https://lookbook.nu/united-states,/look/9206526-Karinadresses-Ruby-Dress-In-Charmed-Autumn-Fashion-Charmed,//s3cdn-lookbooknu.netdna-ssl.com/files/looks/medium/2019/10/06/5444570_Style_970_g.jpg?1570379120,0,#thriftfashion
https://lookbook.nu/united-states,/look/9206494-Off-White-Belt-Stussy-Hat-Mom-Jeans,//s3cdn-lookbooknu.netdna-ssl.com/files/looks/medium/2019/10/06/5444555_PhotoGrid_1570371771480.jpg?1570371969,19,#sockboots
https://lookbook.nu/united-states,/look/9206482-Barbie-Girl,//s3cdn-lookbooknu.netdna-ssl.com/files/looks/medium/2019/10/06/5444549_image.jpg?1570368572,40,#corset
https://lookbook.nu/united-states,/look/9206412-,//s3cdn-lookbooknu.netdna-ssl.com/files/looks/medium/2019/10/06/5444512_l0l0.jpg?1570334970,97,#buckethat
https://lookbook.nu/united-states,/look/9206364-October-5th,//s3cdn-lookbooknu.netdna-ssl.com/files/looks/medium/2019/10/05/5444487_image.jpg?1570302579,138,#offwhite
https://lookbook.nu/united-states,/look/9206294-Ch,//s3cdn-lookbooknu.netdna-ssl.com/files/looks/medium/2019/10/05/5444451_look.jpg?1570284136,218,#plaid
https://lookbook.nu/united-states,/look/9206122-Sunlit-Dream,//s3cdn-lookbooknu.netdna-ssl.com/files/looks/medium/2019/10/05/5444365_Untitled_design_(2).jpg?1570254148,254,#twopiece
https://lookbook.nu/united-states,/look/9206108-Zara-Sheer-Top-Denim-Shorts-Sheer-Florals-Th,//s3cdn-lookbooknu.netdna-ssl.com/files/looks/medium/2019/10/04/5444357_Screen_Shot_2019-09-26_at_4.46.00_PM.jpg?1570230841,235,#combat
https://lookbook.nu/united-states,/look/9206056-Urban-Outfitters-Hat-H&M-Shirt-Madewell-Jeans,//s3cdn-lookbooknu.netdna-ssl.com/files/looks/medium/2019/10/04/5444329_untz__kaytedemont_2019-7037.jpg?1570209474,357,#queer
https://lookbook.nu/united-states,/look/9206054-Ader-Error-Tee-Kenzo-Fanny-Pack-Cline-Celine,//s3cdn-lookbooknu.netdna-ssl.com/files/looks/medium/2019/10/04/5444328_image.jpg?1570207648,239,#lgbtq
https://lookbook.nu/united-states,/look/9206048-Ragarebel,//s3cdn-lookbooknu.netdna-ssl.com/files/looks/medium/2019/10/04/5444325_20191004_114952.jpg?1570204230,181,#asian
https://lookbook.nu/united-states,/look/9206032-Pendant-Plaid-Nora-Dress-Bewitched,//s3cdn-lookbooknu.netdna-ssl.com/files/looks/medium/2019/10/04/5444317_Style_966_i.jpg?1570201372,263,#korean
page,look_id,look_img,hypes,tags
https://lookbook.nu/united-states,/look/9206526-Karinadresses-Ruby-Dress-In-Charmed-Autumn-Fashion-Charmed,//s3cdn-lookbooknu.netdna-ssl.com/files/looks/medium/2019/10/06/5444570_Style_970_g.jpg?1570379120,0,#thriftfashion
https://lookbook.nu/united-states,/look/9206494-Off-White-Belt-Stussy-Hat-Mom-Jeans,//s3cdn-lookbooknu.netdna-ssl.com/files/looks/medium/2019/10/06/5444555_PhotoGrid_1570371771480.jpg?1570371969,21,#sockboots
https://lookbook.nu/united-states,/look/9206482-Barbie-Girl,//s3cdn-lookbooknu.netdna-ssl.com/files/looks/medium/2019/10/06/5444549_image.jpg?1570368572,42,#corset
https://lookbook.nu/united-states,/look/9206412-,//s3cdn-lookbooknu.netdna-ssl.com/files/looks/medium/2019/10/06/5444512_l0l0.jpg?1570334970,97,#buckethat
https://lookbook.nu/united-states,/look/9206364-October-5th,//s3cdn-lookbooknu.netdna-ssl.com/files/looks/medium/2019/10/05/5444487_image.jpg?1570302579,138,#offwhite
https://lookbook.nu/united-states,/look/9206294-Ch,//s3cdn-lookbooknu.netdna-ssl.com/files/looks/medium/2019/10/05/5444451_look.jpg?1570284136,220,#plaid
https://lookbook.nu/united-states,/look/9206122-Sunlit-Dream,//s3cdn-lookbooknu.netdna-ssl.com/files/looks/medium/2019/10/05/5444365_Untitled_design_(2).jpg?1570254148,254,#twopiece
https://lookbook.nu/united-states,/look/9206108-Zara-Sheer-Top-Denim-Shorts-Sheer-Florals-Th,//s3cdn-lookbooknu.netdna-ssl.com/files/looks/medium/2019/10/04/5444357_Screen_Shot_2019-09-26_at_4.46.00_PM.jpg?1570230841,235,#combat
https://lookbook.nu/united-states,/look/9206056-Urban-Outfitters-Hat-H&M-Shirt-Madewell-Jeans,//s3cdn-lookbooknu.netdna-ssl.com/files/looks/medium/2019/10/04/5444329_untz__kaytedemont_2019-7037.jpg?1570209474,357,#queer
https://lookbook.nu/united-states,/look/9206054-Ader-Error-Tee-Kenzo-Fanny-Pack-Cline-Celine,//s3cdn-lookbooknu.netdna-ssl.com/files/looks/medium/2019/10/04/5444328_image.jpg?1570207648,239,#lgbtq
https://lookbook.nu/united-states,/look/9206048-Ragarebel,//s3cdn-lookbooknu.netdna-ssl.com/files/looks/medium/2019/10/04/5444325_20191004_114952.jpg?1570204230,181,#asian
https://lookbook.nu/united-states,/look/9206032-Pendant-Plaid-Nora-Dress-Bewitched,//s3cdn-lookbooknu.netdna-ssl.com/files/looks/medium/2019/10/04/5444317_Style_966_i.jpg?1570201372,263,#korean
